station_id,station_name,YEAR,MAX_TEMP_F
330092,Seattle,2011,53.66
330092,Seattle,2012,90.45500000000003
330092,Seattle,2013,87.0
330092,Seattle,2014,89.572
330092,Seattle,2015,92.6
330092,Seattle,2016,90.84500000000001
330092,Seattle,2017,89.808
330092,Seattle,2018,91.9
330092,Seattle,2019,86.78
330092,Seattle,2020,58.1
