station_id,station_name,YEAR,MIN_TEMP_F
330092,Seattle,2011,28.825000000000003
330092,Seattle,2012,26.86
330092,Seattle,2013,23.432000000000002
330092,Seattle,2014,23.848
330092,Seattle,2015,27.327999999999996
330092,Seattle,2016,24.865
330092,Seattle,2017,22.247999999999998
330092,Seattle,2018,27.055999999999997
330092,Seattle,2019,22.152
330092,Seattle,2020,28.693
